epoch,train_loss,val_loss,time_s
1,0.07760269,0.01734799,50.18
2,0.00373902,0.02447845,39.05
